{
  "start":{
    "connected":[
      {
        "socket":4,
        "local_host":"127.0.0.1",
        "local_port":64200,
        "remote_host":"127.0.0.1",
        "remote_port":5201
      }
    ],
    "version":"iperf 3.1.3",
    "system_info":"CYGWIN_NT-10.0 BGrewell-MOBL3 2.5.1(0.297/5/3) 2016-04-21 22:14 x86_64",
    "timestamp":{
      "time":"Tue, 02 Mar 2021 18:28:14 GMT",
      "timesecs":1614709694
    },
    "connecting_to":{
      "host":"127.0.0.1",
      "port":5201
    },
    "cookie":"BGrewell-MOBL3.1614709694.715824.0bf",
    "tcp_mss_default":0,
    "test_start":{
      "protocol":"TCP",
      "num_streams":1,
      "blksize":131072,
      "omit":0,
      "duration":10,
      "bytes":0,
      "blocks":0,
      "reverse":0
    }
  },
  "intervals":[
    {
      "streams":[
        {
          "socket":4,
          "start":0,
          "end":1.000554,
          "seconds":1.000554,
          "bytes":1635647488,
          "bits_per_second":1.307794e+10,
          "omitted":false
        }
      ],
      "sum":{
        "start":0,
        "end":1.000554,
        "seconds":1.000554,
        "bytes":1635647488,
        "bits_per_second":1.307794e+10,
        "omitted":false
      }
    },
    {
      "streams":[
        {
          "socket":4,
          "start":1.000554,
          "end":2.000056,
          "seconds":0.999502,
          "bytes":1527250944,
          "bits_per_second":1.222409e+10,
          "omitted":false
        }
      ],
      "sum":{
        "start":1.000554,
        "end":2.000056,
        "seconds":0.999502,
        "bytes":1527250944,
        "bits_per_second":1.222409e+10,
        "omitted":false
      }
    },
    {
      "streams":[
        {
          "socket":4,
          "start":2.000056,
          "end":3.000353,
          "seconds":1.000297,
          "bytes":1712062464,
          "bits_per_second":1.369244e+10,
          "omitted":false
        }
      ],
      "sum":{
        "start":2.000056,
        "end":3.000353,
        "seconds":1.000297,
        "bytes":1712062464,
        "bits_per_second":1.369244e+10,
        "omitted":false
      }
    },
    {
      "streams":[
        {
          "socket":4,
          "start":3.000353,
          "end":4.000669,
          "seconds":1.000316,
          "bytes":1730412544,
          "bits_per_second":1.383893e+10,
          "omitted":false
        }
      ],
      "sum":{
        "start":3.000353,
        "end":4.000669,
        "seconds":1.000316,
        "bytes":1730412544,
        "bits_per_second":1.383893e+10,
        "omitted":false
      }
    },
    {
      "streams":[
        {
          "socket":4,
          "start":4.000669,
          "end":5.000021,
          "seconds":0.999352,
          "bytes":1777467392,
          "bits_per_second":1.422896e+10,
          "omitted":false
        }
      ],
      "sum":{
        "start":4.000669,
        "end":5.000021,
        "seconds":0.999352,
        "bytes":1777467392,
        "bits_per_second":1.422896e+10,
        "omitted":false
      }
    },
    {
      "streams":[
        {
          "socket":4,
          "start":5.000021,
          "end":6.000122,
          "seconds":1.000101,
          "bytes":1673920512,
          "bits_per_second":1.339001e+10,
          "omitted":false
        }
      ],
      "sum":{
        "start":5.000021,
        "end":6.000122,
        "seconds":1.000101,
        "bytes":1673920512,
        "bits_per_second":1.339001e+10,
        "omitted":false
      }
    },
    {
      "streams":[
        {
          "socket":4,
          "start":6.000122,
          "end":7.000517,
          "seconds":1.000395,
          "bytes":1585446912,
          "bits_per_second":1.267857e+10,
          "omitted":false
        }
      ],
      "sum":{
        "start":6.000122,
        "end":7.000517,
        "seconds":1.000395,
        "bytes":1585446912,
        "bits_per_second":1.267857e+10,
        "omitted":false
      }
    },
    {
      "streams":[
        {
          "socket":4,
          "start":7.000517,
          "end":8.000053,
          "seconds":0.999536,
          "bytes":1642987520,
          "bits_per_second":1.315000e+10,
          "omitted":false
        }
      ],
      "sum":{
        "start":7.000517,
        "end":8.000053,
        "seconds":0.999536,
        "bytes":1642987520,
        "bits_per_second":1.315000e+10,
        "omitted":false
      }
    },
    {
      "streams":[
        {
          "socket":4,
          "start":8.000053,
          "end":9.000105,
          "seconds":1.000052,
          "bytes":1547173888,
          "bits_per_second":1.237675e+10,
          "omitted":false
        }
      ],
      "sum":{
        "start":8.000053,
        "end":9.000105,
        "seconds":1.000052,
        "bytes":1547173888,
        "bits_per_second":1.237675e+10,
        "omitted":false
      }
    },
    {
      "streams":[
        {
          "socket":4,
          "start":9.000105,
          "end":10.000386,
          "seconds":1.000281,
          "bytes":1773142016,
          "bits_per_second":1.418115e+10,
          "omitted":false
        }
      ],
      "sum":{
        "start":9.000105,
        "end":10.000386,
        "seconds":1.000281,
        "bytes":1773142016,
        "bits_per_second":1.418115e+10,
        "omitted":false
      }
    }
  ],
  "end":{
    "streams":[
      {
        "sender":{
          "socket":4,
          "start":0,
          "end":10.000386,
          "seconds":10.000386,
          "bytes":16605511680,
          "bits_per_second":1.328390e+10
        },
        "receiver":{
          "socket":4,
          "start":0,
          "end":10.000386,
          "seconds":10.000386,
          "bytes":16605511680,
          "bits_per_second":1.328390e+10
        }
      }
    ],
    "sum_sent":{
      "start":0,
      "end":10.000386,
      "seconds":10.000386,
      "bytes":16605511680,
      "bits_per_second":1.328390e+10
    },
    "sum_received":{
      "start":0,
      "end":10.000386,
      "seconds":10.000386,
      "bytes":16605511680,
      "bits_per_second":1.328390e+10
    },
    "cpu_utilization_percent":{
      "host_total":83.983525,
      "host_user":5.155306,
      "host_system":78.828219,
      "remote_total":34.722681,
      "remote_user":7.224950,
      "remote_system":27.497731
    }
  }
}